/*
SQLyog Professional v13.1.1 (64 bit)
MySQL - 10.4.28-MariaDB : Database - ciptapro_omaheopa
*********************************************************************
*/

/*!40101 SET NAMES utf8 */;

/*!40101 SET SQL_MODE=''*/;

/*!40014 SET @OLD_UNIQUE_CHECKS=@@UNIQUE_CHECKS, UNIQUE_CHECKS=0 */;
/*!40014 SET @OLD_FOREIGN_KEY_CHECKS=@@FOREIGN_KEY_CHECKS, FOREIGN_KEY_CHECKS=0 */;
/*!40101 SET @OLD_SQL_MODE=@@SQL_MODE, SQL_MODE='NO_AUTO_VALUE_ON_ZERO' */;
/*!40111 SET @OLD_SQL_NOTES=@@SQL_NOTES, SQL_NOTES=0 */;
USE `ciptapro_omaheopa`;

/*Table structure for table `acct_account_balance` */

DROP TABLE IF EXISTS `acct_account_balance`;

CREATE TABLE `acct_account_balance` (
  `account_balance_id` int(11) NOT NULL AUTO_INCREMENT,
  `account_id` int(11) DEFAULT 0,
  `last_balance` decimal(20,2) DEFAULT 0.00,
  `last_update` timestamp NOT NULL DEFAULT current_timestamp(),
  `deleted_at` timestamp NULL DEFAULT NULL,
  `data_state` int(1) DEFAULT 0,
  PRIMARY KEY (`account_balance_id`),
  KEY `FK_acct_account_balance_account_id` (`account_id`)
) ENGINE=InnoDB AUTO_INCREMENT=82 DEFAULT CHARSET=utf8 COLLATE=utf8_general_ci;

/*Data for the table `acct_account_balance` */

insert  into `acct_account_balance`(`account_balance_id`,`account_id`,`last_balance`,`last_update`,`deleted_at`,`data_state`) values 
(43,2,423442925.00,'2023-11-21 15:36:15',NULL,0),
(44,15,27617104.00,'2023-11-21 15:36:15',NULL,0),
(45,18,1084404000.00,'2023-11-21 15:36:15',NULL,0),
(46,19,18716672842.00,'2023-11-21 15:36:15',NULL,0),
(47,20,908852506.00,'2023-11-21 15:36:15',NULL,0),
(48,21,368919500.00,'2023-11-21 15:36:15',NULL,0),
(49,22,46273703.00,'2023-11-21 15:36:15',NULL,0),
(50,23,136000000.00,'2023-11-21 15:36:15',NULL,0),
(51,24,17000000.00,'2023-11-21 15:36:15',NULL,0),
(52,25,988892168.00,'2023-11-21 15:36:15',NULL,0),
(53,26,94398238.00,'2023-11-21 15:36:15',NULL,0),
(54,28,1449229161.00,'2023-11-21 15:36:15',NULL,0),
(55,135,93274388.00,'2023-11-21 15:36:15',NULL,0),
(56,136,34935190.00,'2023-11-21 15:36:15',NULL,0),
(57,41,500000000.00,'2023-11-21 15:36:15',NULL,0),
(58,137,23886352295.00,'2023-11-21 15:36:15',NULL,0),
(59,44,2385908620.00,'2023-11-21 15:36:15',NULL,0),
(60,16,27617104.00,'2023-11-22 13:19:40',NULL,0),
(61,48,3292583184.00,'2023-11-22 13:57:35',NULL,0),
(62,59,448580615.00,'2023-11-22 13:57:35',NULL,0),
(63,63,1366379305.00,'2023-11-22 13:57:35',NULL,0),
(64,67,118307334.00,'2023-11-22 13:57:35',NULL,0),
(65,70,177142246.00,'2023-11-22 13:57:35',NULL,0),
(66,75,12035080.00,'2023-11-22 13:57:35',NULL,0),
(67,77,167763762.00,'2023-11-22 13:57:35',NULL,0),
(68,80,6639000.00,'2023-11-22 13:57:35',NULL,0),
(69,83,212093918.00,'2023-11-22 13:57:35',NULL,0),
(70,85,243790636.00,'2023-11-22 13:57:35',NULL,0),
(71,95,0.00,'2023-11-22 13:57:35',NULL,0),
(72,98,348916452.00,'2023-11-22 13:57:35',NULL,0),
(73,105,1066524447.00,'2023-11-22 13:57:35',NULL,0),
(74,111,343074387.00,'2023-11-22 13:57:35',NULL,0),
(75,113,20934900.00,'2023-11-22 13:57:35',NULL,0),
(76,115,133381311.00,'2023-11-22 13:57:35',NULL,0),
(77,119,30754631.00,'2023-11-22 14:04:10',NULL,0),
(78,120,223798742.00,'2023-11-22 14:04:10',NULL,0),
(79,121,787359400.00,'2023-11-22 14:04:10',NULL,0),
(80,122,3176481.00,'2023-11-22 14:04:10',NULL,0),
(81,132,1809223.00,'2023-11-22 14:04:10',NULL,0);

/*Table structure for table `acct_account_balance_detail` */

DROP TABLE IF EXISTS `acct_account_balance_detail`;

CREATE TABLE `acct_account_balance_detail` (
  `account_balance_detail_id` bigint(20) NOT NULL AUTO_INCREMENT,
  `transaction_type` int(11) DEFAULT NULL,
  `transaction_code` varchar(20) DEFAULT NULL,
  `transaction_date` date DEFAULT NULL,
  `transaction_id` bigint(20) DEFAULT NULL,
  `account_id` int(11) DEFAULT NULL,
  `opening_balance` decimal(20,2) DEFAULT 0.00,
  `account_in` decimal(20,2) NOT NULL DEFAULT 0.00,
  `account_out` decimal(20,2) DEFAULT 0.00,
  `cash_in` decimal(20,2) DEFAULT 0.00,
  `cash_out` decimal(20,2) DEFAULT 0.00,
  `bank_in` decimal(20,2) DEFAULT 0.00,
  `bank_out` decimal(20,2) DEFAULT 0.00,
  `last_balance` decimal(20,2) DEFAULT 0.00,
  `last_update` timestamp NULL DEFAULT current_timestamp(),
  `deleted_at` timestamp NULL DEFAULT NULL,
  `data_state` int(1) DEFAULT 0,
  `company_id` int(11) DEFAULT NULL,
  PRIMARY KEY (`account_balance_detail_id`,`account_in`),
  KEY `FK_acct_account_balance_detail_account_id` (`account_id`)
) ENGINE=InnoDB AUTO_INCREMENT=105 DEFAULT CHARSET=utf8 COLLATE=utf8_general_ci;

/*Data for the table `acct_account_balance_detail` */

insert  into `acct_account_balance_detail`(`account_balance_detail_id`,`transaction_type`,`transaction_code`,`transaction_date`,`transaction_id`,`account_id`,`opening_balance`,`account_in`,`account_out`,`cash_in`,`cash_out`,`bank_in`,`bank_out`,`last_balance`,`last_update`,`deleted_at`,`data_state`,`company_id`) values 
(66,0,'JU','2022-12-31',4,2,0.00,423442925.00,0.00,0.00,0.00,0.00,0.00,423442925.00,'2023-11-21 15:36:15',NULL,0,NULL),
(68,0,'JU','2022-12-31',4,18,0.00,1084404000.00,0.00,0.00,0.00,0.00,0.00,1084404000.00,'2023-11-21 15:36:15',NULL,0,NULL),
(69,0,'JU','2022-12-31',4,19,0.00,18716672842.00,0.00,0.00,0.00,0.00,0.00,18716672842.00,'2023-11-21 15:36:15',NULL,0,NULL),
(70,0,'JU','2022-12-31',4,20,0.00,-908852506.00,0.00,0.00,0.00,0.00,0.00,-908852506.00,'2023-11-21 15:36:15',NULL,0,NULL),
(71,0,'JU','2022-12-31',4,21,0.00,368919500.00,0.00,0.00,0.00,0.00,0.00,368919500.00,'2023-11-21 15:36:15',NULL,0,NULL),
(72,0,'JU','2022-12-31',4,22,0.00,-46273703.00,0.00,0.00,0.00,0.00,0.00,-46273703.00,'2023-11-21 15:36:15',NULL,0,NULL),
(73,0,'JU','2022-12-31',4,23,0.00,136000000.00,0.00,0.00,0.00,0.00,0.00,136000000.00,'2023-11-21 15:36:15',NULL,0,NULL),
(74,0,'JU','2022-12-31',4,24,0.00,-17000000.00,0.00,0.00,0.00,0.00,0.00,-17000000.00,'2023-11-21 15:36:15',NULL,0,NULL),
(75,0,'JU','2022-12-31',4,25,0.00,988892168.00,0.00,0.00,0.00,0.00,0.00,988892168.00,'2023-11-21 15:36:15',NULL,0,NULL),
(76,0,'JU','2022-12-31',4,26,0.00,-94398238.00,0.00,0.00,0.00,0.00,0.00,-94398238.00,'2023-11-21 15:36:15',NULL,0,NULL),
(77,0,'JU','2022-12-31',4,28,0.00,1449229161.00,0.00,0.00,0.00,0.00,0.00,1449229161.00,'2023-11-21 15:36:15',NULL,0,NULL),
(78,0,'JU','2022-12-31',4,135,0.00,93274388.00,0.00,0.00,0.00,0.00,0.00,93274388.00,'2023-11-21 15:36:15',NULL,0,NULL),
(79,0,'JU','2022-12-31',4,136,0.00,34935190.00,0.00,0.00,0.00,0.00,0.00,34935190.00,'2023-11-21 15:36:15',NULL,0,NULL),
(80,0,'JU','2022-12-31',4,41,0.00,500000000.00,0.00,0.00,0.00,0.00,0.00,500000000.00,'2023-11-21 15:36:15',NULL,0,NULL),
(81,0,'JU','2022-12-31',4,137,0.00,23886352295.00,0.00,0.00,0.00,0.00,0.00,23886352295.00,'2023-11-21 15:36:15',NULL,0,NULL),
(83,0,'JU','2022-12-31',6,16,0.00,27617104.00,0.00,0.00,0.00,0.00,0.00,27617104.00,'2023-11-22 13:19:40',NULL,0,NULL),
(84,0,'JU','2022-12-31',9,48,0.00,3292583184.00,0.00,0.00,0.00,0.00,0.00,3292583184.00,'2023-11-22 13:57:35',NULL,0,NULL),
(85,0,'JU','2022-12-31',9,59,0.00,448580615.00,0.00,0.00,0.00,0.00,0.00,448580615.00,'2023-11-22 13:57:35',NULL,0,NULL),
(86,0,'JU','2022-12-31',9,63,0.00,1366379305.00,0.00,0.00,0.00,0.00,0.00,1366379305.00,'2023-11-22 13:57:35',NULL,0,NULL),
(87,0,'JU','2022-12-31',9,67,0.00,118307334.00,0.00,0.00,0.00,0.00,0.00,118307334.00,'2023-11-22 13:57:35',NULL,0,NULL),
(88,0,'JU','2022-12-31',9,70,0.00,177142246.00,0.00,0.00,0.00,0.00,0.00,177142246.00,'2023-11-22 13:57:35',NULL,0,NULL),
(89,0,'JU','2022-12-31',9,75,0.00,12035080.00,0.00,0.00,0.00,0.00,0.00,12035080.00,'2023-11-22 13:57:35',NULL,0,NULL),
(90,0,'JU','2022-12-31',9,77,0.00,167763762.00,0.00,0.00,0.00,0.00,0.00,167763762.00,'2023-11-22 13:57:35',NULL,0,NULL),
(91,0,'JU','2022-12-31',9,80,0.00,6639000.00,0.00,0.00,0.00,0.00,0.00,6639000.00,'2023-11-22 13:57:35',NULL,0,NULL),
(92,0,'JU','2022-12-31',9,83,0.00,212093918.00,0.00,0.00,0.00,0.00,0.00,212093918.00,'2023-11-22 13:57:35',NULL,0,NULL),
(93,0,'JU','2022-12-31',9,85,0.00,243790636.00,0.00,0.00,0.00,0.00,0.00,243790636.00,'2023-11-22 13:57:35',NULL,0,NULL),
(94,0,'JU','2022-12-31',9,95,0.00,0.00,0.00,0.00,0.00,0.00,0.00,0.00,'2023-11-22 13:57:35',NULL,0,NULL),
(95,0,'JU','2022-12-31',9,98,0.00,348916452.00,0.00,0.00,0.00,0.00,0.00,348916452.00,'2023-11-22 13:57:35',NULL,0,NULL),
(96,0,'JU','2022-12-31',9,105,0.00,1066524447.00,0.00,0.00,0.00,0.00,0.00,1066524447.00,'2023-11-22 13:57:35',NULL,0,NULL),
(97,0,'JU','2022-12-31',9,111,0.00,343074387.00,0.00,0.00,0.00,0.00,0.00,343074387.00,'2023-11-22 13:57:35',NULL,0,NULL),
(98,0,'JU','2022-12-31',9,113,0.00,20934900.00,0.00,0.00,0.00,0.00,0.00,20934900.00,'2023-11-22 13:57:35',NULL,0,NULL),
(99,0,'JU','2022-12-31',9,115,0.00,133381311.00,0.00,0.00,0.00,0.00,0.00,133381311.00,'2023-11-22 13:57:35',NULL,0,NULL),
(100,0,'JU','2022-12-31',10,119,0.00,30754631.00,0.00,0.00,0.00,0.00,0.00,30754631.00,'2023-11-22 14:04:10',NULL,0,NULL),
(101,0,'JU','2022-12-31',10,120,0.00,223798742.00,0.00,0.00,0.00,0.00,0.00,223798742.00,'2023-11-22 14:04:10',NULL,0,NULL),
(102,0,'JU','2022-12-31',10,121,0.00,787359400.00,0.00,0.00,0.00,0.00,0.00,787359400.00,'2023-11-22 14:04:10',NULL,0,NULL),
(103,0,'JU','2022-12-31',10,122,0.00,3176481.00,0.00,0.00,0.00,0.00,0.00,3176481.00,'2023-11-22 14:04:10',NULL,0,NULL),
(104,0,'JU','2022-12-31',10,132,0.00,1809223.00,0.00,0.00,0.00,0.00,0.00,1809223.00,'2023-11-22 14:04:10',NULL,0,NULL);

/*Table structure for table `acct_balance_sheet_report` */

DROP TABLE IF EXISTS `acct_balance_sheet_report`;

CREATE TABLE `acct_balance_sheet_report` (
  `balance_sheet_report_id` bigint(22) NOT NULL AUTO_INCREMENT,
  `company_id` int(10) DEFAULT NULL,
  `report_no` int(10) DEFAULT 0,
  `account_id1` int(10) DEFAULT 0,
  `account_code1` varchar(20) DEFAULT '',
  `account_name1` varchar(100) DEFAULT '',
  `account_id2` int(10) DEFAULT 0,
  `account_code2` varchar(20) DEFAULT '',
  `account_name2` varchar(100) DEFAULT '',
  `data_hidden` int(1) DEFAULT 0,
  `report_formula1` varchar(255) DEFAULT '',
  `report_operator1` varchar(255) DEFAULT '',
  `report_type1` int(11) DEFAULT 0,
  `report_tab1` int(11) DEFAULT 0,
  `report_bold1` int(11) DEFAULT 0,
  `report_formula2` varchar(255) DEFAULT '',
  `report_operator2` varchar(255) DEFAULT '',
  `report_type2` int(11) DEFAULT 0,
  `report_tab2` int(11) DEFAULT 0,
  `report_bold2` int(11) DEFAULT 0,
  `report_formula3` varchar(255) DEFAULT '',
  `report_operator3` varchar(255) DEFAULT '',
  `balance_report_type` decimal(1,0) NOT NULL,
  `balance_report_type1` decimal(1,0) NOT NULL,
  `data_state` int(10) DEFAULT 0,
  `created_id` int(10) DEFAULT 0,
  `created_on` datetime DEFAULT NULL,
  `last_update` time DEFAULT '00:00:00',
  PRIMARY KEY (`balance_sheet_report_id`),
  KEY `account_id1` (`account_id1`),
  KEY `account_id2` (`account_id2`),
  KEY `fk_company_id_sheet_report` (`company_id`),
  CONSTRAINT `fk_company_id_sheet_report` FOREIGN KEY (`company_id`) REFERENCES `preference_company` (`company_id`)
) ENGINE=InnoDB AUTO_INCREMENT=107 DEFAULT CHARSET=utf8 COLLATE=utf8_general_ci;

/*Data for the table `acct_balance_sheet_report` */

insert  into `acct_balance_sheet_report`(`balance_sheet_report_id`,`company_id`,`report_no`,`account_id1`,`account_code1`,`account_name1`,`account_id2`,`account_code2`,`account_name2`,`data_hidden`,`report_formula1`,`report_operator1`,`report_type1`,`report_tab1`,`report_bold1`,`report_formula2`,`report_operator2`,`report_type2`,`report_tab2`,`report_bold2`,`report_formula3`,`report_operator3`,`balance_report_type`,`balance_report_type1`,`data_state`,`created_id`,`created_on`,`last_update`) values 
(1,1,1,1,'1.1.1','Aktiva Lancar',15,'200.01','Kewajiban',0,'','',2,1,1,'','',2,1,1,'','',0,0,0,55,'0000-00-00 00:00:00','00:00:00'),
(2,1,2,2,'1.1.1.100','KAS-1',135,'2.1.1.140','Utang Gaji',0,'','',3,2,2,'','',3,2,0,'','',0,0,0,55,'0000-00-00 00:00:00','00:00:00'),
(3,1,3,3,'1.1.1.101','KAS-2',136,'2.1.1.150','Beban Lainnya yang Masih Harus Dibayar',0,'','',3,2,0,'','',3,2,0,'','',0,0,0,55,'0000-00-00 00:00:00','00:00:00'),
(4,1,4,4,'1.1.1.102','KAS-3',51,'2.1.1.130','HUTANG PEMEGANG SAHAM',0,'','',3,2,0,'','',3,2,0,'','',0,0,0,55,'0000-00-00 00:00:00','00:00:00'),
(5,1,5,5,'1.1.1.150','BANK-1',40,'2.1.3','MODAL/EKUITAS',0,'','',3,2,0,'','',2,1,1,'','',0,0,0,55,'0000-00-00 00:00:00','00:00:00'),
(6,1,6,6,'1.1.1.151','BANK-2',41,'2.1.3.100','Modal Disetor',0,'','',3,2,0,'','',3,2,0,'','',0,0,0,55,'0000-00-00 00:00:00','00:00:00'),
(7,1,7,7,'1.1.1.152','BANK-3',137,'2.1.3.110','Tambahan Modal Disetor',0,'','',3,2,0,'','',3,2,0,'','',0,0,0,55,'0000-00-00 00:00:00','00:00:00'),
(8,1,8,12,'1.1.1.300','PIUTANG USAHA',43,'2.1.3.120','Laba Ditahan',0,'','',3,2,0,'','',3,2,0,'','',0,0,0,55,'0000-00-00 00:00:00','00:00:00'),
(9,1,9,13,'1.1.1.350','PIUTANG PAJAK',0,'','PEREDARAN USAHA',1,'','',3,2,0,'','',10,2,0,'','',0,0,0,55,'0000-00-00 00:00:00','00:00:00'),
(10,1,10,14,'1.1.1.400','PIUTANG JANGKA PANJANG',48,'3.1.1.100','PENDAPATAN RESTO & RESERVASI',1,'','',2,1,1,'','',10,2,0,'','',0,0,0,55,'0000-00-00 00:00:00','00:00:00'),
(11,1,11,15,'1.1.1.450','PERSEDIAAN BARANG DAGANGAN',0,'0','TOTAL',1,'','',3,2,0,'10#','+#',12,2,0,'','',0,0,0,55,'0000-00-00 00:00:00','00:00:00'),
(12,1,12,16,'1.1.1.500','PERSEDIAAN BAHAN-BAHAN',0,'','',1,'','',3,2,0,'','',10,2,0,'','',0,0,0,55,'0000-00-00 00:00:00','00:00:00'),
(13,1,13,17,'101.00.3','Aktiva Tetap',0,'','HARGA POKOK PENJUALAN',1,'','',2,1,1,'','',10,2,0,'','',0,0,0,55,'0000-00-00 00:00:00','00:00:00'),
(14,1,14,18,'1.1.2.100','Tanah',15,'1.1.1.450','Persediaan Awal',1,'','',3,2,0,'','',10,2,0,'','',0,0,0,55,'0000-00-00 00:00:00','00:00:00'),
(15,1,15,19,'1.1.2.110','Bangunan',59,'3.1.2.100','Pembelian Bahan',1,'','',3,2,0,'','',10,2,0,'','',0,0,0,55,'0000-00-00 00:00:00','00:00:00'),
(16,1,16,20,'1.1.2.120','Akum. Peny. Bangunan',16,'1.1.1.500','Persediaan Akhir',1,'','',3,2,0,'','',10,2,0,'','',0,0,0,55,'0000-00-00 00:00:00','00:00:00'),
(17,1,17,21,'1.1.2.130','Kendaraan',0,'0','Total HPP',1,'','',3,2,0,'14#15#16','+#+#-#',12,2,0,'','',0,0,0,55,'0000-00-00 00:00:00','00:00:00'),
(18,1,18,22,'1.1.2.140','Akum. Peny. Kendaraan',0,'','LABA KOTOR',1,'','',3,2,0,'10#14#15#16','-#-#-#+#',12,2,0,'','',0,0,0,55,'0000-00-00 00:00:00','00:00:00'),
(19,1,19,23,'1.1.2.150','Mesin',0,'0','BIAYA ADMINISTRASI UMUM',1,'','',3,2,0,'','',0,0,0,'','',0,0,0,55,'0000-00-00 00:00:00','00:00:00'),
(20,1,20,24,'1.1.2.160','Akum. Peny. Mesin',63,'4.1.1.100','biaya gaji karyawan bulanan',1,'','',3,2,0,'','',10,2,0,'','',0,0,0,55,'0000-00-00 00:00:00','00:00:00'),
(21,1,21,25,'1.1.2.170','Inventaris',64,'4.1.1.101','biaya gaji karyawan mingguan',1,'','',3,2,0,'','',10,2,0,'','',0,0,0,55,'0000-00-00 00:00:00','00:00:00'),
(22,1,22,26,'1.1.2.180','Akum. Peny. Inventaris',65,'4.1.1.102','biaya tenaga harian lepas',1,'','',3,2,0,'','',10,2,0,'','',0,0,0,0,'0000-00-00 00:00:00','00:00:00'),
(23,1,23,27,'1.1.3','Aktiva Lain-lain',66,'4.1.1.103','biaya upah freelance',1,'','',2,1,1,'','',10,2,0,'','',0,0,0,0,'0000-00-00 00:00:00','00:00:00'),
(24,1,24,28,'1.1.3.100','BANGUNAN DALAM PROSES',0,'0','Biaya Gaji, Upah, Honor',1,'','',3,2,0,'20#21#22#23#','+#+#+#+#',12,2,0,'','',0,0,0,0,'0000-00-00 00:00:00','00:00:00'),
(25,1,25,29,'1.1.3.110','BIAYA PRA OPERASIONAL',67,'4.1.1.120','BIAYA THR KARYAWAN',1,'','',3,2,0,'','',10,2,0,'','',0,0,0,0,'0000-00-00 00:00:00','00:00:00'),
(26,1,26,0,'','',68,'4.1.1.121','BIAYA PERBANTUAN DRIVER',1,'','',0,0,0,'','',10,2,0,'','',0,0,0,0,'0000-00-00 00:00:00','00:00:00'),
(27,1,27,0,'','',69,'4.1.1.122','BIAYA DRIVER RESERVASI',1,'','',0,0,0,'','',10,2,0,'','',0,0,0,0,'0000-00-00 00:00:00','00:00:00'),
(28,1,28,0,'','',0,'0','BIAYA TUNJANGAN, LEMBUR, BONUS',1,'','',0,0,0,'25#26#27','+#+#+#',12,2,0,'','',0,0,0,0,'0000-00-00 00:00:00','00:00:00'),
(29,1,29,0,'','',70,'4.1.1.140','BIAYA BELANJA BAHAN MAKAN KARYAWAN',1,'','',0,0,0,'','',10,2,0,'','',0,0,0,0,'0000-00-00 00:00:00','00:00:00'),
(30,1,30,0,'','',71,'4.1.1.141','BIAYA P3K',1,'','',0,0,0,'','',10,2,0,'','',0,0,0,0,'0000-00-00 00:00:00','00:00:00'),
(31,1,31,0,'','',72,'4.1.1.142','BIAYA BPJS TK',1,'','',0,0,0,'','',10,2,0,'','',0,0,0,0,'0000-00-00 00:00:00','00:00:00'),
(32,1,32,0,'','',73,'4.1.1.143','BIAYA BPJS KESEHATAN',1,'','',0,0,0,'','',10,2,0,'','',0,0,0,0,'0000-00-00 00:00:00','00:00:00'),
(33,1,33,0,'','',74,'4.1.1.144','BIAYA JASA RAHARJA',1,'','',0,0,0,'','',10,2,0,'','',0,0,0,0,'0000-00-00 00:00:00','00:00:00'),
(34,1,34,0,'','',0,'0','BIAYA KESEJAHTERAAN KARYAWAN',1,'','',0,0,0,'29#30#31#32#33','+#+#+#+#+#',12,2,0,'','',0,0,0,0,'0000-00-00 00:00:00','00:00:00'),
(35,1,35,0,'','',75,'4.1.1.160','BIAYA APLIKASI MAJO',1,'','',0,0,0,'','',10,2,0,'','',0,0,0,0,'0000-00-00 00:00:00','00:00:00'),
(36,1,36,0,'','',76,'4.1.1.161','BIAYA ALAT TULIS KANTOR',1,'','',0,0,0,'','',10,2,0,'','',0,0,0,0,'0000-00-00 00:00:00','00:00:00'),
(37,1,37,0,'','',0,'0','BIAYA ADMINISTRASI KANTOR',1,'','',0,0,0,'35#36','+#+#',12,2,0,'','',0,0,0,0,'0000-00-00 00:00:00','00:00:00'),
(38,1,38,0,'','',77,'4.1.1.180','BIAYA BBM, SOLAR, BENSIN',1,'','',0,0,0,'','',10,2,0,'','',0,0,0,0,'0000-00-00 00:00:00','00:00:00'),
(39,1,39,0,'','',78,'4.1.1.181','BIAYA PAJAK KENDARAAN',1,'','',0,0,0,'','',10,2,0,'','',0,0,0,0,'0000-00-00 00:00:00','00:00:00'),
(40,1,40,0,'','',79,'4.1.1.182','BIAYA TOL, PARKIR, RETRIBUSI',1,'','',0,0,0,'','',10,2,0,'','',0,0,0,0,'0000-00-00 00:00:00','00:00:00'),
(41,1,41,0,'','',0,'0','BIAYA KENDARAAN, STNK, TOL, PARKIR',1,'','',0,0,0,'38#39#40','+#+#+#',12,2,0,'','',0,0,0,0,'0000-00-00 00:00:00','00:00:00'),
(42,1,42,0,'','',80,'4.1.1.200','BIAYA TELEPON',1,'','',0,0,0,'','',10,2,0,'','',0,0,0,0,'0000-00-00 00:00:00','00:00:00'),
(43,1,43,0,'','',81,'4.1.1.201','BIAYA HP KARYAWAN',1,'','',0,0,0,'','',10,2,0,'','',0,0,0,0,'0000-00-00 00:00:00','00:00:00'),
(44,1,44,0,'','',82,'4.1.1.202','BIAYA INTERNET & WIFI',1,'','',0,0,0,'','',10,2,0,'','',0,0,0,0,'0000-00-00 00:00:00','00:00:00'),
(45,1,45,0,'','',0,'0','BIAYA TELEPON, HP, FAX, INTERNET, WIFI',1,'','',0,0,0,'42#43#44','+#+#+#',12,2,0,'','',0,0,0,0,'0000-00-00 00:00:00','00:00:00'),
(46,1,46,0,'','',83,'4.1.1.220','BIAYA LISTRIK',1,'','',0,0,0,'','',10,2,0,'','',0,0,0,0,'0000-00-00 00:00:00','00:00:00'),
(47,1,47,0,'','',84,'4.1.1.221','BIAYA AIR',1,'','',0,0,0,'','',10,2,0,'','',0,0,0,0,'0000-00-00 00:00:00','00:00:00'),
(48,1,48,0,'','',0,'0','BIAYA LISTRIK, AIR',1,'','',0,0,0,'46#47','+#+#',12,2,0,'','',0,0,0,0,'0000-00-00 00:00:00','00:00:00'),
(49,1,49,0,'','',85,'4.1.1.240','BIAYA PEMELIHARAAN ALAT DAN KENDARAAN KANTOR',1,'','',0,0,0,'','',10,2,0,'','',0,0,0,0,'0000-00-00 00:00:00','01:00:00'),
(50,1,50,0,'','',86,'4.1.1.241','BIAYA LOGISTIK',1,'','',0,0,0,'','',10,2,0,'','',0,0,0,0,'0000-00-00 00:00:00','02:00:00'),
(51,1,51,0,'','',87,'4.1.1.242','BIAYA ONDERDIL',1,'','',0,0,0,'','',10,2,0,'','',0,0,0,0,'0000-00-00 00:00:00','03:00:00'),
(52,1,52,0,'','',88,'4.1.1.243','BIAYA KEBERSIHAN',1,'','',0,0,0,'','',10,2,0,'','',0,0,0,0,'0000-00-00 00:00:00','04:00:00'),
(53,1,53,0,'','',89,'4.1.1.244','BIAYA CHEMICAL KOLAM',1,'','',0,0,0,'','',10,2,0,'','',0,0,0,0,'0000-00-00 00:00:00','05:00:00'),
(54,1,54,0,'','',90,'4.1.1.245','BIAYA GARDENER',1,'','',0,0,0,'','',10,2,0,'','',0,0,0,0,'0000-00-00 00:00:00','06:00:00'),
(55,1,55,0,'','',91,'4.1.1.246','BIAYA PERBAIKAN FASILITAS',1,'','',0,0,0,'','',10,2,0,'','',0,0,0,0,'0000-00-00 00:00:00','07:00:00'),
(56,1,56,0,'','',92,'4.1.1.247','BIAYA COMPLIMENT RESERVASI DISPORAPAR',1,'','',0,0,0,'','',10,2,0,'','',0,0,0,0,'0000-00-00 00:00:00','08:00:00'),
(57,1,57,0,'','',93,'4.1.1.248','BIAYA SERVIS HP MARKETING',1,'','',0,0,0,'','',10,2,0,'','',0,0,0,0,'0000-00-00 00:00:00','09:00:00'),
(58,1,58,0,'','',94,'4.1.1.249','BIAYA PERBAIKAN PANGGUNG UTAMA',1,'','',0,0,0,'','',10,2,0,'','',0,0,0,0,'0000-00-00 00:00:00','10:00:00'),
(59,1,59,0,'','',0,'0','BIAYA PEMELIHARAAN DAN PERAWATAN',1,'','',0,0,0,'49#50#51#52#53#54#55#56#57#58','+#+#+#+#+#+#+#+#+#+#',12,2,0,'','',0,0,0,0,'0000-00-00 00:00:00','11:00:00'),
(60,1,60,0,'','',95,'4.1.1.260','BIAYA PAKET, POS, KURIR',1,'','',0,0,0,'','',10,2,0,'','',0,0,0,0,'0000-00-00 00:00:00','12:00:00'),
(61,1,61,0,'','',96,'4.1.1.261','BIAYA KARGO',1,'','',0,0,0,'','',10,2,0,'','',0,0,0,0,'0000-00-00 00:00:00','13:00:00'),
(62,1,62,0,'','',0,'0','BIAYA PAKET, POS, KURIR, KARGO',1,'','',0,0,0,'60#61','+#+#',12,2,0,'','',0,0,0,0,'0000-00-00 00:00:00','14:00:00'),
(63,1,63,0,'','',97,'4.1.1.280','BIAYA PERALATAN RESTO',1,'','',0,0,0,'','',10,2,0,'','',0,0,0,0,'0000-00-00 00:00:00','15:00:00'),
(64,1,64,0,'','',98,'4.1.1.281','BIAYA SUPLIER',1,'','',0,0,0,'','',10,2,0,'','',0,0,0,0,'0000-00-00 00:00:00','16:00:00'),
(65,1,65,0,'','',99,'4.1.1.282','BIAYA PERLENGKAPAN RESERVASI',1,'','',0,0,0,'','',10,2,0,'','',0,0,0,0,'0000-00-00 00:00:00','17:00:00'),
(66,1,66,0,'','',100,'4.1.1.283','BIAYA PERLENGKAPAN PENJUALAN',1,'','',0,0,0,'','',10,2,0,'','',0,0,0,0,'0000-00-00 00:00:00','18:00:00'),
(67,1,67,0,'','',101,'4.1.1.284','BIAYA PERLENGKAPAN KEBERSIHAN',1,'','',0,0,0,'','',10,2,0,'','',0,0,0,0,'0000-00-00 00:00:00','19:00:00'),
(68,1,68,0,'','',102,'4.1.1.285','BIAYA PERLENGKAPAN TEKNISI',1,'','',0,0,0,'','',10,2,0,'','',0,0,0,0,'0000-00-00 00:00:00','20:00:00'),
(69,1,69,0,'','',103,'4.1.1.286','BIAYA PENGADAAN STOK BARANG',1,'','',0,0,0,'','',10,2,0,'','',0,0,0,0,'0000-00-00 00:00:00','21:00:00'),
(70,1,70,0,'','',104,'4.1.1.287','BIAYA PERLENGKAPAN',1,'','',0,0,0,'','',10,2,0,'','',0,0,0,0,'0000-00-00 00:00:00','22:00:00'),
(71,1,71,0,'','',0,'0','BIAYA SUPPLIES',1,'','',0,0,0,'63#64#65#66#67#68#69#70','+#+#+#+#+#+#+#+#',12,2,0,'','',0,0,0,0,'0000-00-00 00:00:00','23:00:00'),
(72,1,72,0,'','',105,'4.1.1.300','BIAYA PENYUSUTAN BANGUNAN',1,'','',0,0,0,'','',10,2,0,'','',0,0,0,0,'0000-00-00 00:00:00','00:00:00'),
(73,1,73,0,'','',106,'4.1.1.301','BIAYA PENYUSUTAN KENDARAAN',1,'','',0,0,0,'','',10,2,0,'','',0,0,0,0,'0000-00-00 00:00:00','01:00:00'),
(74,1,74,0,'','',107,'4.1.1.302','BIAYA PENYUSUTAN MESIN',1,'','',0,0,0,'','',10,2,0,'','',0,0,0,0,'0000-00-00 00:00:00','02:00:00'),
(75,1,75,0,'','',108,'4.1.1.303','BIAYA PENYUSUTAN INVENTARIS',1,'','',0,0,0,'','',10,2,0,'','',0,0,0,0,'0000-00-00 00:00:00','03:00:00'),
(76,1,76,0,'','',0,'0','BIAYA PENYUSUTAN',1,'','',0,0,0,'72#73#74#75','+#+#+#+#',12,2,0,'','',0,0,0,0,'0000-00-00 00:00:00','00:00:00'),
(77,1,77,0,'','',109,'4.1.1.320','BIAYA PAJAK RESTO DAN HIBURAN',1,'','',0,0,0,'','',10,2,0,'','',0,0,0,0,'0000-00-00 00:00:00','00:00:00'),
(78,1,78,0,'','',110,'4.1.1.321','BIAYA PBB',1,'','',0,0,0,'','',10,2,0,'','',0,0,0,0,'0000-00-00 00:00:00','00:00:00'),
(79,1,79,0,'','',111,'4.1.1.322','BIAYA PERIZINAN',1,'','',0,0,0,'','',10,2,0,'','',0,0,0,0,'0000-00-00 00:00:00','00:00:00'),
(80,1,80,0,'','',112,'4.1.1.323','BIAYA IURAN PHRI',1,'','',0,0,0,'','',10,2,0,'','',0,0,0,0,'0000-00-00 00:00:00','00:00:00'),
(81,1,81,0,'','',0,'0','BIAYA RETRIBUSI, PERIJINAN',1,'','',0,0,0,'77#78#79#80','+#+#+#+#',12,2,0,'','',0,0,0,0,'0000-00-00 00:00:00','00:00:00'),
(82,1,82,0,'','',113,'4.1.1.340','BIAYA CSR',1,'','',0,0,0,'','',10,2,0,'','',0,0,0,0,'0000-00-00 00:00:00','00:00:00'),
(83,1,83,0,'','',114,'4.1.1.341','BIAYA BINGKISAN',1,'','',0,0,0,'','',10,2,0,'','',0,0,0,0,'0000-00-00 00:00:00','00:00:00'),
(84,1,84,0,'','',0,'','BIAYA CSR, RISET, DEVELOPMENT',1,'','',0,0,0,'82#83','+#+#',12,2,0,'','',0,0,0,0,'0000-00-00 00:00:00','00:00:00'),
(85,1,85,0,'','',115,'4.1.1.900','BIAYA SUMBANGAN',1,'','',0,0,0,'','',10,2,0,'','',0,0,0,0,'0000-00-00 00:00:00','00:00:00'),
(86,1,86,0,'','',116,'4.1.1.901','BIAYA KEAMANAN',1,'','',0,0,0,'','',10,2,0,'','',0,0,0,0,'0000-00-00 00:00:00','00:00:00'),
(87,1,87,0,'','',117,'4.1.1.902','BIAYA LAIN-LAIN',1,'','',0,0,0,'','',10,2,0,'','',0,0,0,0,'0000-00-00 00:00:00','00:00:00'),
(88,1,88,0,'','',0,'0','BIAYA ADMINISTRASI LAIN-LAIN',1,'','',0,0,0,'85#86#87','+#+#+#',12,2,0,'','',0,0,0,0,'0000-00-00 00:00:00','00:00:00'),
(89,1,89,0,'','',0,'0','TOTAL BIAYA ADM. UMUM',1,'','',0,0,0,'24#28#34#37#41#45#48#59#62#71#76#81#84#88','+#+#+#+#+#+#+#+#+#+#+#+#+#+#',12,2,0,'','',0,0,0,0,'0000-00-00 00:00:00','00:00:00'),
(90,1,90,0,'','',0,'','',1,'','',0,0,0,'','',10,2,0,'','',0,0,0,0,'0000-00-00 00:00:00','00:00:00'),
(91,1,91,0,'','',0,'','Biaya Pemasaran',1,'','',0,0,0,'','',10,2,0,'','',0,0,0,0,'0000-00-00 00:00:00','00:00:00'),
(92,1,92,0,'','',119,'4.1.2.100','Biaya Iklan, Brosur',1,'','',0,0,0,'','',10,2,0,'','',0,0,0,0,'0000-00-00 00:00:00','00:00:00'),
(93,1,93,0,'','',120,'4.1.2.120','Biaya Event, Promosi',1,'','',0,0,0,'','',10,2,0,'','',0,0,0,0,'0000-00-00 00:00:00','00:00:00'),
(94,1,94,0,'','',121,'4.1.2.190','Biaya Pemasaran Lain',1,'','',0,0,0,'','',10,2,0,'','',0,0,0,0,'0000-00-00 00:00:00','00:00:00'),
(95,1,95,0,'','',0,'0','Total Biaya Pemasaran',1,'','',0,0,0,'92#93#94','+#+#+#',12,2,0,'','',0,0,0,0,'0000-00-00 00:00:00','00:00:00'),
(96,1,96,0,'','',0,'0','LABA USAHA',1,'','',0,0,0,'18#89#95','-#-#-#',12,2,0,'','',0,0,0,0,'0000-00-00 00:00:00','00:00:00'),
(97,1,97,0,'','',0,'','',1,'','',0,0,0,'','',10,2,0,'','',0,0,0,0,'0000-00-00 00:00:00','00:00:00'),
(98,1,98,0,'','',0,'','PENDAPATAN LUAR USAHA',1,'','',0,0,0,'','',10,2,0,'','',0,0,0,0,'0000-00-00 00:00:00','00:00:00'),
(99,1,99,0,'','',122,'5.1.1','Pendapatan Diluar Usaha',1,'','',0,0,0,'','',10,2,0,'','',0,0,0,0,'0000-00-00 00:00:00','00:00:00'),
(100,1,100,0,'','',132,'5.1.2.190','Biaya Diluar Usaha',1,'','',0,0,0,'','',10,2,0,'','',0,0,0,0,'0000-00-00 00:00:00','00:00:00'),
(101,1,101,0,'','',0,'','Total PENDAPATAN LUAR USAHA',1,'','',0,0,0,'99#100','-#-#',12,2,0,'','',0,0,0,0,'0000-00-00 00:00:00','00:00:00'),
(102,1,102,0,'','',0,'2.1.3.130','Laba Perioden Berjalan',0,'','',0,0,0,'96#101','+#+#',11,2,0,'','',0,0,0,0,'0000-00-00 00:00:00','00:00:00'),
(103,1,103,0,'','TOTAL AKTIVA',0,'','T O T A L   P A S I V A',0,'2#3#4#5#6#7#8#9#11#12#14#15#16#17#18#19#20#21#22#24#25','+#+#+#+#+#+#+#+#+#+#+#+#+#+#+#+#+#+#+#+#+',5,1,1,'2#3#4#6#7#8','+#+#+#+#+#+#',5,2,1,'','',0,0,0,0,'0000-00-00 00:00:00','00:00:00');

/*Table structure for table `acct_journal_voucher` */

DROP TABLE IF EXISTS `acct_journal_voucher`;

CREATE TABLE `acct_journal_voucher` (
  `journal_voucher_id` bigint(22) NOT NULL AUTO_INCREMENT,
  `company_id` int(11) DEFAULT NULL,
  `transaction_module_id` int(10) DEFAULT 0,
  `transaction_journal_id` bigint(22) DEFAULT 0,
  `transaction_journal_no` varchar(20) DEFAULT '',
  `journal_voucher_title` varchar(50) DEFAULT '',
  `journal_voucher_no` varchar(50) DEFAULT '',
  `journal_voucher_period` decimal(20,0) DEFAULT 0,
  `journal_voucher_date` date DEFAULT NULL,
  `journal_voucher_description` varchar(250) DEFAULT '',
  `transaction_module_code` varchar(20) DEFAULT '',
  `journal_voucher_token` char(36) DEFAULT '',
  `data_state` int(1) DEFAULT 0,
  `created_id` int(10) DEFAULT 0,
  `created_on` datetime DEFAULT NULL,
  `voided` int(1) DEFAULT 0,
  `voided_id` int(10) DEFAULT 0,
  `voided_on` datetime DEFAULT NULL,
  `voided_remark` text DEFAULT NULL,
  `last_update` timestamp NOT NULL DEFAULT current_timestamp(),
  `deleted_at` timestamp NULL DEFAULT NULL,
  `created_at` timestamp NULL DEFAULT NULL,
  `updated_at` timestamp NULL DEFAULT NULL,
  `journal_voucher_status` int(11) NOT NULL DEFAULT 1,
  `reverse_state` int(1) DEFAULT NULL,
  PRIMARY KEY (`journal_voucher_id`),
  KEY `transaction_journal_no` (`transaction_journal_no`),
  KEY `data_state` (`data_state`),
  KEY `created_id` (`created_id`)
) ENGINE=InnoDB AUTO_INCREMENT=11 DEFAULT CHARSET=utf8 COLLATE=utf8_general_ci ROW_FORMAT=COMPACT;

/*Data for the table `acct_journal_voucher` */

insert  into `acct_journal_voucher`(`journal_voucher_id`,`company_id`,`transaction_module_id`,`transaction_journal_id`,`transaction_journal_no`,`journal_voucher_title`,`journal_voucher_no`,`journal_voucher_period`,`journal_voucher_date`,`journal_voucher_description`,`transaction_module_code`,`journal_voucher_token`,`data_state`,`created_id`,`created_on`,`voided`,`voided_id`,`voided_on`,`voided_remark`,`last_update`,`deleted_at`,`created_at`,`updated_at`,`journal_voucher_status`,`reverse_state`) values 
(4,1,64,0,'','Migrasi  PER. 31 DESEMBER 2022','JV22120001',202311,'2022-12-31','Migrasi  PER. 31 DESEMBER 2022','JU','',0,1,NULL,0,0,NULL,NULL,'2023-11-21 15:36:15',NULL,'2023-11-21 15:36:15','2023-11-21 15:36:15',1,NULL),
(6,1,0,0,'','Migrasi PER. 31 DESEMBER 2022','JV22120002',202311,'2022-12-31','Migrasi PER. 31 DESEMBER 2022','JU','',0,1,NULL,0,0,NULL,NULL,'2023-11-22 13:19:40',NULL,'2023-11-22 13:19:40','2023-11-22 13:19:40',1,NULL),
(9,1,0,0,'','Migrasi LABA RUGI  PER. 31 DESEMBER 2022','JV22120003',202311,'2022-12-31','Migrasi LABA RUGI  PER. 31 DESEMBER 2022','JU','',0,1,NULL,0,0,NULL,NULL,'2023-11-22 13:57:35',NULL,'2023-11-22 13:57:35','2023-11-22 13:57:35',1,NULL),
(10,1,0,0,'','Migrasi LABA RUGI PER. 31 DESEMBER 2022','JV22120004',202311,'2022-12-31','Migrasi LABA RUGI PER. 31 DESEMBER 2022','JU','',0,1,NULL,0,0,NULL,NULL,'2023-11-22 14:04:10',NULL,'2023-11-22 14:04:10','2023-11-22 14:04:10',1,NULL);

/*Table structure for table `acct_journal_voucher_item` */

DROP TABLE IF EXISTS `acct_journal_voucher_item`;

CREATE TABLE `acct_journal_voucher_item` (
  `journal_voucher_item_id` bigint(20) NOT NULL AUTO_INCREMENT,
  `journal_voucher_id` bigint(20) DEFAULT 0,
  `merchant_id` bigint(20) DEFAULT 0,
  `account_id` int(11) DEFAULT 0,
  `journal_voucher_description` varchar(200) DEFAULT '',
  `journal_voucher_amount` decimal(20,2) DEFAULT 0.00,
  `account_id_status` decimal(1,0) DEFAULT 0,
  `account_id_default_status` decimal(1,0) DEFAULT 0,
  `journal_voucher_debit_amount` decimal(20,2) DEFAULT 0.00,
  `journal_voucher_credit_amount` decimal(20,2) DEFAULT 0.00,
  `journal_voucher_item_token` varchar(50) DEFAULT NULL,
  `data_state` decimal(1,0) DEFAULT 0,
  `last_update` timestamp NOT NULL DEFAULT current_timestamp(),
  `deleted_at` timestamp NULL DEFAULT NULL,
  `updated_at` timestamp NULL DEFAULT NULL,
  `created_at` timestamp NULL DEFAULT NULL,
  `company_id` int(11) DEFAULT NULL,
  `reverse_state` tinyint(1) DEFAULT NULL,
  PRIMARY KEY (`journal_voucher_item_id`),
  UNIQUE KEY `journal_voucher_item_token` (`journal_voucher_item_token`),
  KEY `FK_acct_journal_voucher_item_journal_voucher_id` (`journal_voucher_id`) USING BTREE,
  KEY `FK_acct_journal_voucher_item_account_id` (`account_id`) USING BTREE,
  CONSTRAINT `FK_acct_journal_voucher_item_journal_voucher_id` FOREIGN KEY (`journal_voucher_id`) REFERENCES `acct_journal_voucher` (`journal_voucher_id`) ON DELETE CASCADE ON UPDATE CASCADE
) ENGINE=InnoDB AUTO_INCREMENT=46 DEFAULT CHARSET=utf8 COLLATE=utf8_general_ci ROW_FORMAT=COMPACT;

/*Data for the table `acct_journal_voucher_item` */

insert  into `acct_journal_voucher_item`(`journal_voucher_item_id`,`journal_voucher_id`,`merchant_id`,`account_id`,`journal_voucher_description`,`journal_voucher_amount`,`account_id_status`,`account_id_default_status`,`journal_voucher_debit_amount`,`journal_voucher_credit_amount`,`journal_voucher_item_token`,`data_state`,`last_update`,`deleted_at`,`updated_at`,`created_at`,`company_id`,`reverse_state`) values 
(7,4,0,2,'',423442925.00,0,0,423442925.00,0.00,NULL,0,'2023-11-21 15:36:15',NULL,'2023-11-21 15:36:15','2023-11-21 15:36:15',NULL,NULL),
(9,4,0,18,'',1084404000.00,0,0,1084404000.00,0.00,NULL,0,'2023-11-21 15:36:15',NULL,'2023-11-21 15:36:15','2023-11-21 15:36:15',NULL,NULL),
(10,4,0,19,'',18716672842.00,0,0,18716672842.00,0.00,NULL,0,'2023-11-21 15:36:15',NULL,'2023-11-21 15:36:15','2023-11-21 15:36:15',NULL,NULL),
(11,4,0,20,'',-908852506.00,0,0,-908852506.00,0.00,NULL,0,'2023-11-21 15:36:15',NULL,'2023-11-21 15:36:15','2023-11-21 15:36:15',NULL,NULL),
(12,4,0,21,'',368919500.00,0,0,368919500.00,0.00,NULL,0,'2023-11-21 15:36:15',NULL,'2023-11-21 15:36:15','2023-11-21 15:36:15',NULL,NULL),
(13,4,0,22,'',-46273703.00,0,0,-46273703.00,0.00,NULL,0,'2023-11-21 15:36:15',NULL,'2023-11-21 15:36:15','2023-11-21 15:36:15',NULL,NULL),
(14,4,0,23,'',136000000.00,0,0,136000000.00,0.00,NULL,0,'2023-11-21 15:36:15',NULL,'2023-11-21 15:36:15','2023-11-21 15:36:15',NULL,NULL),
(15,4,0,24,'',-17000000.00,0,0,-17000000.00,0.00,NULL,0,'2023-11-21 15:36:15',NULL,'2023-11-21 15:36:15','2023-11-21 15:36:15',NULL,NULL),
(16,4,0,25,'',988892168.00,0,0,988892168.00,0.00,NULL,0,'2023-11-21 15:36:15',NULL,'2023-11-21 15:36:15','2023-11-21 15:36:15',NULL,NULL),
(17,4,0,26,'',-94398238.00,0,0,-94398238.00,0.00,NULL,0,'2023-11-21 15:36:15',NULL,'2023-11-21 15:36:15','2023-11-21 15:36:15',NULL,NULL),
(18,4,0,28,'',1449229161.00,0,0,1449229161.00,0.00,NULL,0,'2023-11-21 15:36:15',NULL,'2023-11-21 15:36:15','2023-11-21 15:36:15',NULL,NULL),
(19,4,0,135,'',93274388.00,1,1,0.00,93274388.00,NULL,0,'2023-11-21 15:36:15',NULL,'2023-11-21 15:36:15','2023-11-21 15:36:15',NULL,NULL),
(20,4,0,136,'',34935190.00,1,1,0.00,34935190.00,NULL,0,'2023-11-21 15:36:15',NULL,'2023-11-21 15:36:15','2023-11-21 15:36:15',NULL,NULL),
(21,4,0,41,'',500000000.00,1,1,0.00,500000000.00,NULL,0,'2023-11-21 15:36:15',NULL,'2023-11-21 15:36:15','2023-11-21 15:36:15',NULL,NULL),
(22,4,0,137,'',23886352295.00,1,1,0.00,23886352295.00,NULL,0,'2023-11-21 15:36:15',NULL,'2023-11-21 15:36:15','2023-11-21 15:36:15',NULL,NULL),
(24,6,0,16,'',27617104.00,0,0,27617104.00,0.00,NULL,0,'2023-11-22 13:19:40',NULL,'2023-11-22 13:19:40','2023-11-22 13:19:40',NULL,NULL),
(25,9,0,48,'',3292583184.00,1,1,0.00,3292583184.00,NULL,0,'2023-11-22 13:57:35',NULL,'2023-11-22 13:57:35','2023-11-22 13:57:35',NULL,NULL),
(26,9,0,59,'',448580615.00,0,0,448580615.00,0.00,NULL,0,'2023-11-22 13:57:35',NULL,'2023-11-22 13:57:35','2023-11-22 13:57:35',NULL,NULL),
(27,9,0,63,'',1366379305.00,0,0,1366379305.00,0.00,NULL,0,'2023-11-22 13:57:35',NULL,'2023-11-22 13:57:35','2023-11-22 13:57:35',NULL,NULL),
(28,9,0,67,'',118307334.00,0,0,118307334.00,0.00,NULL,0,'2023-11-22 13:57:35',NULL,'2023-11-22 13:57:35','2023-11-22 13:57:35',NULL,NULL),
(29,9,0,70,'',177142246.00,0,0,177142246.00,0.00,NULL,0,'2023-11-22 13:57:35',NULL,'2023-11-22 13:57:35','2023-11-22 13:57:35',NULL,NULL),
(30,9,0,75,'',12035080.00,0,0,12035080.00,0.00,NULL,0,'2023-11-22 13:57:35',NULL,'2023-11-22 13:57:35','2023-11-22 13:57:35',NULL,NULL),
(31,9,0,77,'',167763762.00,0,0,167763762.00,0.00,NULL,0,'2023-11-22 13:57:35',NULL,'2023-11-22 13:57:35','2023-11-22 13:57:35',NULL,NULL),
(32,9,0,80,'',6639000.00,0,0,6639000.00,0.00,NULL,0,'2023-11-22 13:57:35',NULL,'2023-11-22 13:57:35','2023-11-22 13:57:35',NULL,NULL),
(33,9,0,83,'',212093918.00,0,0,212093918.00,0.00,NULL,0,'2023-11-22 13:57:35',NULL,'2023-11-22 13:57:35','2023-11-22 13:57:35',NULL,NULL),
(34,9,0,85,'',243790636.00,0,0,243790636.00,0.00,NULL,0,'2023-11-22 13:57:35',NULL,'2023-11-22 13:57:35','2023-11-22 13:57:35',NULL,NULL),
(35,9,0,95,'',0.00,0,0,0.00,0.00,NULL,0,'2023-11-22 13:57:35',NULL,'2023-11-22 13:57:35','2023-11-22 13:57:35',NULL,NULL),
(36,9,0,98,'',348916452.00,0,0,348916452.00,0.00,NULL,0,'2023-11-22 13:57:35',NULL,'2023-11-22 13:57:35','2023-11-22 13:57:35',NULL,NULL),
(37,9,0,105,'',1066524447.00,0,0,1066524447.00,0.00,NULL,0,'2023-11-22 13:57:35',NULL,'2023-11-22 13:57:35','2023-11-22 13:57:35',NULL,NULL),
(38,9,0,111,'',343074387.00,0,0,343074387.00,0.00,NULL,0,'2023-11-22 13:57:35',NULL,'2023-11-22 13:57:35','2023-11-22 13:57:35',NULL,NULL),
(39,9,0,113,'',20934900.00,0,0,20934900.00,0.00,NULL,0,'2023-11-22 13:57:35',NULL,'2023-11-22 13:57:35','2023-11-22 13:57:35',NULL,NULL),
(40,9,0,115,'',133381311.00,0,0,133381311.00,0.00,NULL,0,'2023-11-22 13:57:35',NULL,'2023-11-22 13:57:35','2023-11-22 13:57:35',NULL,NULL),
(41,10,0,119,'',30754631.00,0,0,30754631.00,0.00,NULL,0,'2023-11-22 14:04:10',NULL,'2023-11-22 14:04:10','2023-11-22 14:04:10',NULL,NULL),
(42,10,0,120,'',223798742.00,0,0,223798742.00,0.00,NULL,0,'2023-11-22 14:04:10',NULL,'2023-11-22 14:04:10','2023-11-22 14:04:10',NULL,NULL),
(43,10,0,121,'',787359400.00,0,0,787359400.00,0.00,NULL,0,'2023-11-22 14:04:10',NULL,'2023-11-22 14:04:10','2023-11-22 14:04:10',NULL,NULL),
(44,10,0,122,'',3176481.00,1,1,0.00,3176481.00,NULL,0,'2023-11-22 14:04:10',NULL,'2023-11-22 14:04:10','2023-11-22 14:04:10',NULL,NULL),
(45,10,0,132,'',1809223.00,0,0,1809223.00,0.00,NULL,0,'2023-11-22 14:04:10',NULL,'2023-11-22 14:04:10','2023-11-22 14:04:10',NULL,NULL);

/*Table structure for table `acct_profit_loss_report` */

DROP TABLE IF EXISTS `acct_profit_loss_report`;

CREATE TABLE `acct_profit_loss_report` (
  `profit_loss_report_id` int(10) NOT NULL AUTO_INCREMENT,
  `company_id` int(10) DEFAULT NULL,
  `format_id` int(10) DEFAULT NULL,
  `report_no` int(10) DEFAULT NULL,
  `account_type_id` int(10) DEFAULT NULL,
  `account_id` int(10) DEFAULT NULL,
  `account_code` varchar(250) DEFAULT NULL,
  `account_name` varchar(250) DEFAULT NULL,
  `report_formula` varchar(250) DEFAULT NULL,
  `report_operator` varchar(250) DEFAULT NULL,
  `report_type` int(1) DEFAULT NULL,
  `report_tab` int(1) DEFAULT NULL,
  `report_bold` int(1) DEFAULT NULL,
  `data_state` int(1) DEFAULT NULL,
  `created_id` int(1) DEFAULT NULL,
  `created_on` datetime DEFAULT NULL,
  `last_update` timestamp NOT NULL DEFAULT current_timestamp() ON UPDATE current_timestamp(),
  PRIMARY KEY (`profit_loss_report_id`),
  KEY `fk_company_id_profit_loss_report` (`company_id`),
  CONSTRAINT `fk_company_id_profit_loss_report` FOREIGN KEY (`company_id`) REFERENCES `preference_company` (`company_id`)
) ENGINE=InnoDB AUTO_INCREMENT=96 DEFAULT CHARSET=utf8mb4 COLLATE=utf8mb4_general_ci;

/*Data for the table `acct_profit_loss_report` */

insert  into `acct_profit_loss_report`(`profit_loss_report_id`,`company_id`,`format_id`,`report_no`,`account_type_id`,`account_id`,`account_code`,`account_name`,`report_formula`,`report_operator`,`report_type`,`report_tab`,`report_bold`,`data_state`,`created_id`,`created_on`,`last_update`) values 
(1,1,3,1,2,0,'','PEREDARAN USAHA','','',1,0,1,0,55,'0000-00-00 00:00:00','2022-10-05 10:51:13'),
(2,1,3,2,2,48,'3.1.1.100','PENDAPATAN RESTO & RESERVASI','','',3,2,0,0,55,'0000-00-00 00:00:00','2022-10-24 11:14:42'),
(3,1,3,3,2,0,'0','TOTAL','2#','+#',6,0,1,0,55,'0000-00-00 00:00:00','2023-09-20 16:28:05'),
(4,1,3,4,2,0,'','','','',0,0,0,0,55,'0000-00-00 00:00:00','2023-08-01 14:30:47'),
(5,1,3,5,3,0,'','HARGA POKOK PENJUALAN','','',2,1,1,0,55,'0000-00-00 00:00:00','2023-09-20 16:30:02'),
(6,1,3,6,3,15,'1.1.1.450','Persediaan Awal','','',3,2,0,0,55,'0000-00-00 00:00:00','2023-08-02 09:39:06'),
(7,1,3,7,3,59,'3.1.2.100','Pembelian Bahan','','',3,2,0,0,55,'0000-00-00 00:00:00','2023-11-22 10:58:23'),
(8,1,3,8,3,16,'1.1.1.500','Persediaan Akhir','','',3,2,0,0,55,'0000-00-00 00:00:00','2023-08-02 14:32:14'),
(9,1,3,9,3,0,'0','Total HPP','6#7#8','+#+#-#',6,0,1,0,55,'0000-00-00 00:00:00','2023-09-20 16:54:25'),
(10,1,3,10,3,0,'','LABA KOTOR','2#6#7#8','-#-#-#+#',6,0,1,0,55,'0000-00-00 00:00:00','2023-09-21 11:50:39'),
(11,1,3,11,3,0,'0','BIAYA ADMINISTRASI UMUM','','',2,1,1,0,55,'0000-00-00 00:00:00','2023-09-20 16:29:47'),
(12,1,3,12,3,63,'4.1.1.100','biaya gaji karyawan bulanan','','',4,0,0,1,55,'0000-00-00 00:00:00','2023-10-05 10:23:34'),
(13,1,3,13,3,64,'4.1.1.101','biaya gaji karyawan mingguan','','',4,0,0,1,55,'0000-00-00 00:00:00','2023-10-05 10:23:34'),
(14,1,3,14,3,65,'4.1.1.102','biaya tenaga harian lepas','','',4,0,0,1,55,'0000-00-00 00:00:00','2023-10-05 10:23:35'),
(15,1,3,15,3,66,'4.1.1.103','biaya upah freelance','','',4,0,0,1,55,'0000-00-00 00:00:00','2023-10-05 10:23:36'),
(16,1,3,16,3,0,'0','Biaya Gaji, Upah, Honor','12#13#14#15','+#+#+#+#',5,2,0,0,55,'0000-00-00 00:00:00','2023-11-20 14:52:08'),
(17,1,3,17,3,67,'4.1.1.120','BIAYA THR KARYAWAN','','',4,0,0,1,55,'0000-00-00 00:00:00','2023-10-05 10:23:37'),
(18,1,3,18,3,68,'4.1.1.121','BIAYA PERBANTUAN DRIVER','','',4,0,0,1,55,'0000-00-00 00:00:00','2023-10-05 10:23:37'),
(19,1,3,19,3,69,'4.1.1.122','BIAYA DRIVER RESERVASI','','',4,0,0,1,55,'0000-00-00 00:00:00','2023-10-05 10:23:38'),
(20,1,3,20,3,0,'0','BIAYA TUNJANGAN, LEMBUR, BONUS','17#18#19','+#+#+#',5,2,0,0,55,'0000-00-00 00:00:00','2023-09-20 14:41:40'),
(21,1,3,21,3,70,'4.1.1.140','BIAYA BELANJA BAHAN MAKAN KARYAWAN','','',4,0,0,1,55,'0000-00-00 00:00:00','2023-10-05 10:24:34'),
(22,1,3,22,3,71,'4.1.1.141','BIAYA P3K','','',4,0,0,1,55,'0000-00-00 00:00:00','2023-10-05 10:24:34'),
(23,1,3,23,3,72,'4.1.1.142','BIAYA BPJS TK','','',4,0,0,1,55,'0000-00-00 00:00:00','2023-10-05 10:24:35'),
(24,1,3,24,3,73,'4.1.1.143','BIAYA BPJS KESEHATAN','','',4,0,0,1,55,'0000-00-00 00:00:00','2023-10-05 10:24:35'),
(25,1,3,25,3,74,'4.1.1.144','BIAYA JASA RAHARJA','','',4,0,0,1,55,'0000-00-00 00:00:00','2023-10-05 10:24:36'),
(26,1,3,26,3,0,'0','BIAYA KESEJAHTERAAN KARYAWAN','21#22#23#24#25','+#+#+#+#+#',5,2,0,0,55,'0000-00-00 00:00:00','2023-09-20 14:41:39'),
(27,1,3,27,3,75,'4.1.1.160','BIAYA APLIKASI MAJO','','',4,0,0,1,55,'0000-00-00 00:00:00','2023-10-05 10:24:37'),
(28,1,3,28,3,76,'4.1.1.161','BIAYA ALAT TULIS KANTOR','','',4,0,0,1,55,'0000-00-00 00:00:00','2023-10-05 10:24:37'),
(29,1,3,29,3,0,'0','BIAYA ADMINISTRASI KANTOR','27#28','+#+#',5,2,0,0,55,'0000-00-00 00:00:00','2023-09-20 14:41:36'),
(30,1,3,30,3,77,'4.1.1.180','BIAYA BBM, SOLAR, BENSIN','','',4,0,0,1,55,'0000-00-00 00:00:00','2023-10-05 10:24:38'),
(31,1,3,31,3,78,'4.1.1.181','BIAYA PAJAK KENDARAAN','','',4,0,0,1,55,'0000-00-00 00:00:00','2023-10-05 10:24:39'),
(32,1,3,32,3,79,'4.1.1.182','BIAYA TOL, PARKIR, RETRIBUSI','','',4,0,0,1,55,'0000-00-00 00:00:00','2023-10-05 10:24:40'),
(33,1,3,33,3,0,'0','BIAYA KENDARAAN, STNK, TOL, PARKIR','30#31#32','+#+#+#',5,2,0,0,55,'0000-00-00 00:00:00','2023-10-05 09:50:30'),
(34,1,3,34,3,80,'4.1.1.200','BIAYA TELEPON','','',4,0,0,1,55,'0000-00-00 00:00:00','2023-10-05 10:24:41'),
(35,1,3,35,3,81,'4.1.1.201','BIAYA HP KARYAWAN','','',4,0,0,1,55,'0000-00-00 00:00:00','2023-10-05 10:24:41'),
(36,1,3,36,3,82,'4.1.1.202','BIAYA INTERNET & WIFI','','',4,0,0,1,55,'0000-00-00 00:00:00','2023-10-05 10:24:42'),
(37,1,3,37,3,0,'0','BIAYA TELEPON, HP, FAX, INTERNET, WIFI','34#35#36','+#+#+#',5,2,0,0,55,'0000-00-00 00:00:00','2023-09-20 14:43:04'),
(38,1,3,38,3,83,'4.1.1.220','BIAYA LISTRIK','','',4,0,0,1,55,'0000-00-00 00:00:00','2023-10-05 10:24:43'),
(39,1,3,39,3,84,'4.1.1.221','BIAYA AIR','','',4,0,0,1,55,'0000-00-00 00:00:00','2023-10-05 10:24:43'),
(40,1,3,40,3,0,'0','BIAYA LISTRIK, AIR','38#39','+#+#',5,2,0,0,55,'0000-00-00 00:00:00','2023-10-05 09:50:40'),
(41,1,3,41,3,85,'4.1.1.240','BIAYA PEMELIHARAAN ALAT DAN KENDARAAN KANTOR','','',4,0,0,1,55,'0000-00-00 00:00:00','2023-10-05 10:24:44'),
(42,1,3,42,3,86,'4.1.1.241','BIAYA LOGISTIK','','',4,0,0,1,55,'0000-00-00 00:00:00','2023-10-05 10:24:45'),
(43,1,3,43,3,87,'4.1.1.242','BIAYA ONDERDIL','','',4,0,0,1,55,'0000-00-00 00:00:00','2023-10-05 10:24:45'),
(44,1,3,44,3,88,'4.1.1.243','BIAYA KEBERSIHAN','','',4,0,0,1,55,'0000-00-00 00:00:00','2023-10-05 10:24:45'),
(45,1,3,45,3,89,'4.1.1.244','BIAYA CHEMICAL KOLAM','','',4,0,0,1,55,'0000-00-00 00:00:00','2023-10-05 10:24:46'),
(46,1,3,46,3,90,'4.1.1.245','BIAYA GARDENER','','',4,0,0,1,55,'0000-00-00 00:00:00','2023-10-05 10:24:47'),
(47,1,3,47,3,91,'4.1.1.246','BIAYA PERBAIKAN FASILITAS','','',4,0,0,1,55,'0000-00-00 00:00:00','2023-10-05 10:24:47'),
(48,1,3,48,3,92,'4.1.1.247','BIAYA COMPLIMENT RESERVASI DISPORAPAR','','',4,0,0,1,55,'0000-00-00 00:00:00','2023-10-05 10:24:48'),
(49,1,3,49,3,93,'4.1.1.248','BIAYA SERVIS HP MARKETING','','',4,0,0,1,55,'0000-00-00 00:00:00','2023-10-05 10:24:48'),
(50,1,3,50,3,94,'4.1.1.249','BIAYA PERBAIKAN PANGGUNG UTAMA','','',4,0,0,1,55,'0000-00-00 00:00:00','2023-10-05 10:24:49'),
(51,1,3,51,3,0,'0','BIAYA PEMELIHARAAN DAN PERAWATAN','41#42#43#44#45#46#47#48#49#50','+#+#+#+#+#+#+#+#+#+#',5,2,0,0,55,'0000-00-00 00:00:00','2023-09-20 14:44:19'),
(52,1,3,52,3,95,'4.1.1.260','BIAYA PAKET, POS, KURIR','','',4,0,0,1,55,'0000-00-00 00:00:00','2023-10-05 10:24:50'),
(53,1,3,53,3,96,'4.1.1.261','BIAYA KARGO','','',4,0,0,1,55,'0000-00-00 00:00:00','2023-10-05 10:24:51'),
(54,1,3,54,3,0,'0','BIAYA PAKET, POS, KURIR, KARGO','52#53','+#+#',5,2,0,0,55,'0000-00-00 00:00:00','2023-09-20 14:44:47'),
(55,1,3,55,3,97,'4.1.1.280','BIAYA PERALATAN RESTO','','',4,0,0,1,55,'0000-00-00 00:00:00','2023-10-05 10:24:52'),
(56,1,3,56,3,98,'4.1.1.281','BIAYA SUPLIER','','',4,0,0,1,55,'0000-00-00 00:00:00','2023-10-05 10:24:52'),
(57,1,3,57,3,99,'4.1.1.282','BIAYA PERLENGKAPAN RESERVASI','','',4,0,0,1,55,'0000-00-00 00:00:00','2023-10-05 10:24:53'),
(58,1,3,58,3,100,'4.1.1.283','BIAYA PERLENGKAPAN PENJUALAN','','',4,0,0,1,55,'0000-00-00 00:00:00','2023-10-05 10:24:53'),
(59,1,3,59,3,101,'4.1.1.284','BIAYA PERLENGKAPAN KEBERSIHAN','','',4,0,0,1,55,'0000-00-00 00:00:00','2023-10-05 10:24:54'),
(60,1,3,60,3,102,'4.1.1.285','BIAYA PERLENGKAPAN TEKNISI','','',4,0,0,1,55,'0000-00-00 00:00:00','2023-10-05 10:24:54'),
(61,1,3,61,3,103,'4.1.1.286','BIAYA PENGADAAN STOK BARANG','','',4,0,0,1,55,'0000-00-00 00:00:00','2023-10-05 10:24:55'),
(62,1,3,62,3,104,'4.1.1.287','BIAYA PERLENGKAPAN','','',4,0,0,1,55,'0000-00-00 00:00:00','2023-10-05 10:24:56'),
(63,1,3,63,3,0,'0','BIAYA SUPPLIES','55#56#57#58#59#60#61#62','+#+#+#+#+#+#+#+#',5,2,0,0,55,'0000-00-00 00:00:00','2023-09-20 14:45:42'),
(64,1,3,64,3,105,'4.1.1.300','BIAYA PENYUSUTAN BANGUNAN','','',4,0,0,1,55,'0000-00-00 00:00:00','2023-10-05 10:24:56'),
(65,1,3,65,3,106,'4.1.1.301','BIAYA PENYUSUTAN KENDARAAN','','',4,0,0,1,55,'0000-00-00 00:00:00','2023-10-05 10:24:57'),
(66,1,3,66,3,107,'4.1.1.302','BIAYA PENYUSUTAN MESIN','','',4,0,0,1,55,'0000-00-00 00:00:00','2023-10-05 10:24:58'),
(67,1,3,67,3,108,'4.1.1.303','BIAYA PENYUSUTAN INVENTARIS','','',4,0,0,1,55,'0000-00-00 00:00:00','2023-10-05 10:24:59'),
(68,1,3,68,3,0,'0','BIAYA PENYUSUTAN','64#65#66#67','+#+#+#+#',5,2,0,0,55,'0000-00-00 00:00:00','2023-09-20 14:46:18'),
(69,1,3,69,3,109,'4.1.1.320','BIAYA PAJAK RESTO DAN HIBURAN','','',4,0,0,1,55,'0000-00-00 00:00:00','2023-10-05 10:25:00'),
(70,1,3,70,3,110,'4.1.1.321','BIAYA PBB','','',4,0,0,1,55,'0000-00-00 00:00:00','2023-10-05 10:25:00'),
(71,1,3,71,3,111,'4.1.1.322','BIAYA PERIZINAN','','',4,0,0,1,55,'0000-00-00 00:00:00','2023-10-05 10:25:00'),
(72,1,3,72,3,112,'4.1.1.323','BIAYA IURAN PHRI','','',4,0,0,1,55,'0000-00-00 00:00:00','2023-10-05 10:25:01'),
(73,1,3,73,3,0,'0','BIAYA RETRIBUSI, PERIJINAN','69#70#71#72','+#+#+#+#',5,2,0,0,55,'0000-00-00 00:00:00','2023-09-20 14:47:29'),
(74,1,3,74,3,113,'4.1.1.340','BIAYA CSR','','',4,0,0,1,55,'0000-00-00 00:00:00','2023-10-05 10:25:02'),
(75,1,3,75,3,114,'4.1.1.341','BIAYA BINGKISAN','','',4,0,0,1,55,'0000-00-00 00:00:00','2023-10-05 10:25:02'),
(76,1,3,76,3,0,'','BIAYA CSR, RISET, DEVELOPMENT','74#75','+#+#',5,2,0,0,55,'0000-00-00 00:00:00','2023-09-20 14:47:46'),
(77,1,3,77,3,115,'4.1.1.900','BIAYA SUMBANGAN','','',4,0,0,1,55,'0000-00-00 00:00:00','2023-10-05 10:25:04'),
(78,1,3,78,3,116,'4.1.1.901','BIAYA KEAMANAN','','',4,0,0,1,55,'0000-00-00 00:00:00','2023-10-05 10:25:05'),
(79,1,3,79,3,117,'4.1.1.902','BIAYA LAIN-LAIN','','',4,0,0,1,55,'0000-00-00 00:00:00','2023-10-05 10:25:06'),
(80,1,3,80,3,0,'0','BIAYA ADMINISTRASI LAIN-LAIN','77#78#79','+#+#+#',5,2,0,0,55,'0000-00-00 00:00:00','2023-09-20 14:48:47'),
(81,1,3,81,3,0,'0','TOTAL BIAYA ADM. UMUM','16#20#26#29#33#37#40#51#54#63#68#73#76#80','+#+#+#+#+#+#+#+#+#+#+#+#+#+#',6,0,1,0,55,'0000-00-00 00:00:00','2023-09-21 13:23:35'),
(82,1,3,82,3,0,'','','','',0,0,0,0,55,'0000-00-00 00:00:00','2023-10-14 14:32:14'),
(83,1,3,83,3,0,'','Biaya Pemasaran','','',2,1,1,0,55,'0000-00-00 00:00:00','2023-09-20 16:30:22'),
(84,1,3,84,3,119,'4.1.2.100','Biaya Iklan, Brosur','','',3,2,0,0,55,'0000-00-00 00:00:00','2023-10-14 14:32:14'),
(85,1,3,85,3,120,'4.1.2.120','Biaya Event, Promosi','','',3,2,0,0,55,'0000-00-00 00:00:00','2023-10-14 14:32:14'),
(86,1,3,86,3,121,'4.1.2.190','Biaya Pemasaran Lain','','',3,2,0,0,55,'0000-00-00 00:00:00','2023-10-14 14:32:14'),
(87,1,3,87,3,0,'0','Total Biaya Pemasaran','84#85#86','+#+#+#',6,0,1,0,55,'0000-00-00 00:00:00','2023-09-20 16:34:34'),
(88,1,3,88,3,0,'0','LABA USAHA','10#81#87','-#-#-#',6,0,1,0,55,'0000-00-00 00:00:00','2023-09-21 14:25:02'),
(89,1,3,89,3,0,'','','','',0,0,0,0,55,'0000-00-00 00:00:00','2023-10-14 14:32:14'),
(90,1,3,90,3,0,'','PENDAPATAN LUAR USAHA','','',2,1,1,0,55,'0000-00-00 00:00:00','2023-09-20 16:30:30'),
(91,1,3,91,3,122,'5.1.1','Pendapatan Diluar Usaha','','',3,2,0,0,55,'0000-00-00 00:00:00','2023-10-14 14:32:14'),
(92,1,3,92,3,132,'5.1.2.190','Biaya Diluar Usaha','','',3,2,0,0,55,'0000-00-00 00:00:00','2023-10-14 14:32:14'),
(93,1,3,93,3,0,'','Total PENDAPATAN LUAR USAHA','91#92','-#-#',6,0,1,0,55,'0000-00-00 00:00:00','2023-09-21 11:54:29'),
(94,1,3,94,3,0,'','LABA/ RUGI SEBELUM PAJAK','88#93','+#+#',6,0,1,0,55,'0000-00-00 00:00:00','2023-09-21 14:24:41');

/*!40101 SET SQL_MODE=@OLD_SQL_MODE */;
/*!40014 SET FOREIGN_KEY_CHECKS=@OLD_FOREIGN_KEY_CHECKS */;
/*!40014 SET UNIQUE_CHECKS=@OLD_UNIQUE_CHECKS */;
/*!40111 SET SQL_NOTES=@OLD_SQL_NOTES */;
